{
  "precision": 0.5455197132616487,
  "recall": 0.575,
  "f1": 0.5425454545454546,
  "roc_auc": 0.5572916666666667,
  "accuracy": 0.575
}